content_loss,char_loss,transient_loss,loss_L1-1,loss_L2-3,loss_L4-9,loss_L10-21,loss_L22-max,resurrected_loss,recon,bracket,policy,seed,n,k
0.9091841970241149,0.9489550657921538,1.0,0.9945945945945946,0.9874739039665971,0.948905109489051,0.9317931793179318,0.0784313725490196,0.55,0.8176694841062417,46,head_only,0,46,1
0.8891739353514623,0.9366684319876156,0.9779909706546276,0.9945945945945946,0.9874739039665971,0.9087591240875912,0.9097909790979097,0.0,0.5,0.5282140659264207,23,uniform,0,46,2
0.36788096459722935,0.3616572289892859,0.3301354401805869,0.7891891891891892,0.5469728601252609,0.3686131386861314,0.17491749174917492,0.4803921568627451,0.3,0.7146056045771907,13.032837352488455,largest_diff,0,46,2
0.9235505387378142,0.9598566016213794,0.9813769751693002,1.0,0.9979123173277662,0.9854014598540146,0.9460946094609461,0.06862745098039216,0.85,0.5994973321341837,24.43560800410467,random,0,46,2
0.5315546434068753,0.5664235955513912,0.5846501128668171,0.9135135135135135,0.9373695198329853,0.8394160583941606,0.2068206820682068,0.0,0.3,0.6073786870921299,25.657773217034375,random+head,0,46,2
0.39456131349409956,0.4244754959872897,0.4221218961625282,1.0,0.9582463465553236,0.38321167883211676,0.022002200220022004,0.0,0.05,0.5410709411493159,15.752693689071318,random,1,46,2
0.42996408414571574,0.4657432680164582,0.4729119638826185,0.9945945945945946,0.9665970772442589,0.6058394160583942,0.027502750275027504,0.0,0.3,0.5803766431243087,20.774243201641866,random+head,1,46,2
0.4633145202668035,0.4655151342322891,0.4305869074492099,0.9405405405405406,0.9457202505219207,0.48175182481751827,0.09570957095709572,0.5588235294117647,0.3,5.4733848895395845,19.203694202154953,random,2,46,2
0.4099538224730631,0.4439809345337516,0.45090293453724606,0.972972972972973,0.964509394572025,0.48175182481751827,0.027502750275027504,0.0,0.3,0.5797568733357985,20.06054386865059,random+head,2,46,2
0.900974858902001,0.9423147431458019,0.9796839729119639,1.0,0.9979123173277662,0.9671532846715328,0.9108910891089109,0.0,0.05,0.5364424661000073,16.344279117496153,random,3,46,2
0.9020010261672653,0.9429747015928627,0.9920993227990971,0.9945945945945946,0.9853862212943633,0.9452554744525548,0.9207920792079208,0.058823529411764705,0.3,0.722801896574043,34.4089276552078,random+head,3,46,2
0.9322729604925603,0.962846783721025,0.9723476297968398,1.0,0.9979123173277662,0.9635036496350365,0.966996699669967,0.10784313725490197,0.3,0.6344054124867142,16.479220112878398,random,4,46,2
0.40533606977937403,0.4380413085102049,0.445823927765237,0.9945945945945946,0.9832985386221295,0.40145985401459855,0.027502750275027504,0.0,0.3,0.5771504068789798,19.872242175474604,random+head,4,46,2
0.892252437147255,0.9366195461767222,0.9762979683972912,1.0,1.0,0.8978102189781022,0.911991199119912,0.0,0.05,0.5357845073892187,17.372498717290917,random,5,46,2
0.8891739353514623,0.9366684319876156,0.9779909706546276,0.9945945945945946,0.9874739039665971,0.9087591240875912,0.9097909790979097,0.0,0.5,0.5282140659264207,23,random+head,5,46,2
0.4135454079014879,0.4468977879170571,0.44300225733634313,0.9783783783783784,0.9749478079331941,0.5036496350364964,0.022002200220022004,0.0,0.05,0.5396998679768459,15.993842996408414,random,6,46,2
0.8973832734735762,0.9416873752393368,0.9870203160270881,0.9945945945945946,0.9874739039665971,0.9416058394160584,0.9130913091309131,0.0392156862745098,0.55,0.6389486816107348,31.418163160595178,random+head,6,46,2
0.4012314007183171,0.41879659428850774,0.3888261851015801,0.9675675675675676,0.9394572025052192,0.2773722627737226,0.0737073707370737,0.09803921568627451,0.3,0.481955738190163,11.365315546434068,random,7,46,2
0.8927655207798871,0.9383631400985863,0.981941309255079,0.9945945945945946,0.9853862212943633,0.9379562043795621,0.9097909790979097,0.0,0.5,0.5339651846060394,25.658286300667008,random+head,7,46,2
0.9291944586967675,0.9589766570252984,0.9700902934537246,0.9621621621621622,0.9979123173277662,0.9744525547445255,0.966996699669967,0.08823529411764706,0.25,0.6539647795890783,15.250384812724475,random,8,46,2
0.8927655207798871,0.9384201735446287,0.981941309255079,0.9945945945945946,0.9874739039665971,0.9343065693430657,0.9097909790979097,0.0,0.5,0.5314853870549981,24.77013853258081,random+head,8,46,2
0.8953309389430477,0.9397971238847924,0.9796839729119639,1.0,1.0,0.916058394160584,0.9097909790979097,0.029411764705882353,0.3,0.6192929842787009,29.29964084145716,random,9,46,2
0.888147768086198,0.9342974701592862,0.9768623024830699,0.9567567567567568,0.9874739039665971,0.927007299270073,0.9097909790979097,0.0,0.5,0.5476861614799807,23.875833760903028,random+head,9,46,2
0.5351462288353002,0.5693404489346967,0.5767494356659142,0.918918918918919,0.9478079331941545,0.8613138686131386,0.20132013201320131,0.0,0.05,0.5673216817331772,20.165726013340173,random,10,46,2
0.8943047716777834,0.9394712184788365,0.9836343115124153,0.9891891891891892,0.9874739039665971,0.9379562043795621,0.9097909790979097,0.029411764705882353,0.5,0.6004828834986086,27.61005643919959,random+head,10,46,2
0.90559261159569,0.9485069458589644,0.9825056433408578,1.0,0.9979123173277662,0.9817518248175182,0.9130913091309131,0.029411764705882353,0.55,0.6247384430223418,28.329912775782454,random,11,46,2
0.896357106208312,0.9406363303051289,0.9858916478555305,0.9945945945945946,0.9874739039665971,0.9343065693430657,0.9141914191419142,0.029411764705882353,0.55,0.6295751977955536,29.52591072344792,random+head,11,46,2
0.9035402770651616,0.9470077809915672,0.9700902934537246,0.9891891891891892,1.0,0.948905109489051,0.922992299229923,0.0,0.3,0.5363609562385941,17.70241149307337,random,12,46,2
0.9045664443304259,0.9443597995681753,0.994920993227991,0.9945945945945946,0.9791231732776617,0.9416058394160584,0.9284928492849285,0.0784313725490196,0.55,0.8247620816725376,42.83581323755772,random+head,12,46,2
0.935351462288353,0.9647370350755693,0.9729119638826185,1.0,1.0,0.9635036496350365,0.966996699669967,0.1568627450980392,0.3,0.6533825052583092,17.615187275525912,random,13,46,2
0.905079527963058,0.9448893958528537,0.9954853273137697,0.9945945945945946,0.9791231732776617,0.9416058394160584,0.9295929592959296,0.0784313725490196,0.55,0.8271750402786697,43.84915341200616,random+head,13,46,2
0.4043099025141098,0.4372021020898684,0.43961625282167044,1.0,0.9958246346555324,0.38321167883211676,0.0231023102310231,0.0,0.05,0.5723578140501808,17.258594150846587,random,14,46,2
0.9086711133914828,0.9483195502505398,0.9994356659142212,0.9891891891891892,0.9874739039665971,0.948905109489051,0.9317931793179318,0.0784313725490196,0.55,0.8359960761307416,44.97742432016419,random+head,14,46,2
0.28681375064135456,0.2791135372957999,0.2375846501128668,0.7027027027027027,0.15866388308977036,0.48175182481751827,0.18261826182618263,0.5392156862745098,0.3,3.8704884587766237,11.206259620318113,random,15,46,2
0.896870189840944,0.9407992830081069,0.9864559819413092,0.9945945945945946,0.9874739039665971,0.9452554744525548,0.9097909790979097,0.049019607843137254,0.5,0.6447393623132046,33.322729604925605,random+head,15,46,2
0.9112365315546435,0.9512119607283985,0.9746049661399548,0.9621621621621622,1.0,0.9708029197080292,0.9306930693069307,0.06862745098039216,0.85,0.5503672380011796,23.24474089276552,random,16,46,2
0.896357106208312,0.9405792968590867,0.9858916478555305,0.9945945945945946,0.9874739039665971,0.9343065693430657,0.9130913091309131,0.0392156862745098,0.55,0.6354127743791553,30.466393022062597,random+head,16,46,2
0.9143150333504361,0.9531103597180918,0.9791196388261851,1.0,0.9979123173277662,0.9890510948905109,0.9251925192519251,0.06862745098039216,0.85,0.6236071117415916,26.343252950230887,random,17,46,2
0.8896870189840944,0.9367499083391045,0.9785553047404063,0.9945945945945946,0.9874739039665971,0.9124087591240876,0.9097909790979097,0.0,0.55,0.5263362793633626,20.412519240636225,random+head,17,46,2
0.3078501795792714,0.29186458630382534,0.2601580135440181,0.7891891891891892,0.5427974947807933,0.18613138686131386,0.09570957095709572,0.5490196078431373,0.3,5.9025169540596085,13.163673678809646,random,18,46,2
0.9045664443304259,0.9443597995681753,0.994920993227991,0.9945945945945946,0.9791231732776617,0.9416058394160584,0.9284928492849285,0.0784313725490196,0.55,0.8247620816725376,42.83581323755772,random+head,18,46,2
0.530528476141611,0.5659510327127552,0.5801354401805869,0.918918918918919,0.9394572025052192,0.8321167883211679,0.20462046204620463,0.0,0.3,0.6089155042067942,24.388404309902516,random,19,46,2
0.896870189840944,0.9407992830081069,0.9864559819413092,0.9945945945945946,0.9874739039665971,0.9452554744525548,0.9097909790979097,0.049019607843137254,0.5,0.6447393623132046,33.322729604925605,random+head,19,46,2
0.3683940482298615,0.3975312665498839,0.4018058690744921,0.972972972972973,0.9290187891440501,0.25547445255474455,0.025302530253025302,0.0,0.3,0.5900174376210571,18.274499743458183,random,20,46,2
0.8932786044125193,0.9374587525970587,0.9825056433408578,0.9945945945945946,0.9874739039665971,0.916058394160584,0.9163916391639164,0.0,0.3,0.5458895185643992,17.991277578245253,random+head,20,46,2
0.387891226269882,0.3976697763474152,0.3961625282167043,0.9891891891891892,0.954070981210856,0.2846715328467153,0.041804180418041806,0.0,0.25,0.44720437176774636,12.889687018984095,random,21,46,2
0.9086711133914828,0.9483195502505398,0.9994356659142212,0.9891891891891892,0.9874739039665971,0.948905109489051,0.9317931793179318,0.0784313725490196,0.55,0.8359960761307416,44.97742432016419,random+head,21,46,2
0.44535659312467935,0.4574245325294333,0.4272009029345372,1.0,0.9582463465553236,0.4124087591240876,0.09130913091309131,0.27450980392156865,0.3,0.5513434826422683,10.46228835300154,random,22,46,2
0.5582349923037455,0.6012465881777814,0.6139954853273137,0.9405405405405406,0.8663883089770354,0.8759124087591241,0.28492849284928495,0.0,0.3,0.6260593531932558,27.924063622370447,random+head,22,46,2
0.44535659312467935,0.4669817085590907,0.4339729119638826,0.9783783783783784,0.9770354906054279,0.49635036496350365,0.0737073707370737,0.1568627450980392,0.3,0.4853495763932147,9.964597229348383,random,23,46,2
0.5582349923037455,0.6012465881777814,0.6139954853273137,0.9405405405405406,0.8663883089770354,0.8759124087591241,0.28492849284928495,0.0,0.3,0.6260593531932558,27.924063622370447,random+head,23,46,2
0.8927655207798871,0.9384201735446287,0.981941309255079,0.9945945945945946,0.9874739039665971,0.9343065693430657,0.9097909790979097,0.0,0.5,0.5314853870549981,24.77013853258081,random,24,46,2
0.9020010261672653,0.9422821526052063,0.9920993227990971,0.9945945945945946,0.9874739039665971,0.9197080291970803,0.9262926292629263,0.06862745098039216,0.3,0.7803048040685785,37.52283222165213,random+head,24,46,2
0.6280143663417137,0.663038253147024,0.6439051918735892,0.8594594594594595,0.9039665970772442,0.9416058394160584,0.41144114411441146,0.0,0.25,0.5074759692988267,16.297075423293997,random,25,46,2
0.3263211903540277,0.35021794924023303,0.35891647855530473,0.8378378378378378,0.24217118997912318,0.4744525547445255,0.2585258525852585,0.0,0.3,0.7087448581003711,15.948691636736788,random+head,25,46,2
0.2596203181118522,0.27928463763392675,0.2816027088036117,0.8432432432432433,0.2359081419624217,0.46715328467153283,0.11991199119911991,0.0,0.3,0.6845275686098693,14.986659825551564,random,26,46,2
0.3263211903540277,0.35021794924023303,0.35891647855530473,0.8378378378378378,0.24217118997912318,0.4744525547445255,0.2585258525852585,0.0,0.3,0.7087448581003711,15.948691636736788,random+head,26,46,2
0.8948178553104156,0.9396993522630057,0.9802483069977427,0.9945945945945946,1.0,0.9124087591240876,0.9097909790979097,0.0392156862745098,0.35,0.6265505027519713,30.296049256028734,random,27,46,2
0.9086711133914828,0.9483195502505398,0.9994356659142212,0.9891891891891892,0.9874739039665971,0.948905109489051,0.9317931793179318,0.0784313725490196,0.55,0.8359960761307416,44.97742432016419,random+head,27,46,2
0.44586967675731143,0.44711777406607733,0.41196388261851014,1.0,0.9561586638830898,0.3029197080291971,0.09570957095709572,0.5490196078431373,0.3,5.916483059251526,18.959979476654695,random,28,46,2
0.9020010261672653,0.9429747015928627,0.9920993227990971,0.9945945945945946,0.9853862212943633,0.9452554744525548,0.9207920792079208,0.058823529411764705,0.3,0.722801896574043,34.4089276552078,random+head,28,46,2
0.43868650590046177,0.47276652951480835,0.46896162528216706,1.0,0.9770354906054279,0.6532846715328468,0.025302530253025302,0.0,0.3,0.5020427499278635,15.96151872755259,random,29,46,2
0.8891739353514623,0.9366684319876156,0.9779909706546276,0.9945945945945946,0.9874739039665971,0.9087591240875912,0.9097909790979097,0.0,0.5,0.5282140659264207,23,random+head,29,46,2
0.8989225243714726,0.9445471951766,0.9717832957110609,1.0,0.9979123173277662,0.9598540145985401,0.9086908690869087,0.0,0.3,0.5165047727958294,18.68753206772704,random,30,46,2
0.9035402770651616,0.9436591029453701,0.9937923250564334,0.9945945945945946,0.9874739039665971,0.9233576642335767,0.9273927392739274,0.0784313725490196,0.3,0.8202058883077636,39.73832734735762,random+head,30,46,2
0.6085171883016932,0.6548824703629772,0.6455981941309256,0.8594594594594595,0.9039665970772442,0.9416058394160584,0.3696369636963696,0.0,0.3,0.5214837886059018,19.965623396613648,random,31,46,2
0.39815289892252437,0.4304721554568786,0.43792325056433407,0.9945945945945946,0.9812108559498957,0.354014598540146,0.027502750275027504,0.0,0.3,0.5779689509483183,19.85223191380195,random+head,31,46,2
0.23601847101077475,0.22214527233470485,0.18171557562076748,0.8432432432432433,0.23382045929018788,0.18248175182481752,0.09570957095709572,0.5392156862745098,0.3,5.566528134554626,9.350949204720369,random,32,46,2
0.3694202154951257,0.39800382938851997,0.40632054176072235,0.9675675675675676,0.9269311064718163,0.26277372262773724,0.027502750275027504,0.0,0.3,0.5884806205063928,19.0846587993843,random+head,32,46,2
0.37609030271934324,0.3883162911964802,0.4018058690744921,0.9891891891891892,0.954070981210856,0.2664233576642336,0.022002200220022004,0.0,0.05,0.5465507709846161,15.901487942534633,random,33,46,2
0.9035402770651616,0.9436591029453701,0.9937923250564334,0.9945945945945946,0.9874739039665971,0.9233576642335767,0.9273927392739274,0.0784313725490196,0.3,0.8206533810976532,40.74140584915341,random+head,33,46,2
0.9107234479220113,0.951415651607121,0.9751693002257337,1.0,1.0,0.9598540145985401,0.9251925192519251,0.06862745098039216,0.85,0.5202914903416229,22.26115956900975,random,34,46,2
0.9020010261672653,0.9422821526052063,0.9920993227990971,0.9945945945945946,0.9874739039665971,0.9197080291970803,0.9262926292629263,0.06862745098039216,0.3,0.7803048040685785,37.52283222165213,random+head,34,46,2
0.8984094407388404,0.9437731698374546,0.9746049661399548,1.0,0.9979123173277662,0.9598540145985401,0.9075907590759076,0.0,0.55,0.5042449117640955,21.397639815289892,random,35,46,2
0.3909697280656747,0.4215586426039842,0.43002257336343114,0.9945945945945946,0.9478079331941545,0.3613138686131387,0.027502750275027504,0.0,0.3,0.5811279465082686,19.386865059004617,random+head,35,46,2
0.4720369420215495,0.4964191143520593,0.4672686230248307,0.9621621621621622,0.9519832985386222,0.7335766423357665,0.08360836083608361,0.08823529411764706,0.3,0.4688163822054372,10.942534633145202,random,36,46,2
0.5582349923037455,0.6012465881777814,0.6139954853273137,0.9405405405405406,0.8663883089770354,0.8759124087591241,0.28492849284928495,0.0,0.3,0.6260593531932558,27.924063622370447,random+head,36,46,2
0.9030271934325295,0.9437242840265613,0.989841986455982,0.972972972972973,0.9895615866388309,0.9379562043795621,0.9262926292629263,0.06862745098039216,0.55,0.7849450493123057,38.556695741405846,random,37,46,2
0.4099538224730631,0.4439809345337516,0.45090293453724606,0.972972972972973,0.964509394572025,0.48175182481751827,0.027502750275027504,0.0,0.3,0.5797568733357985,20.06054386865059,random+head,37,46,2
0.8912262698819907,0.9373039475292296,0.9757336343115124,1.0,0.9979123173277662,0.916058394160584,0.9053905390539054,0.0,0.25,0.5730998878569454,26.395587480759364,random,38,46,2
0.8943047716777834,0.9394712184788365,0.9836343115124153,0.9891891891891892,0.9874739039665971,0.9379562043795621,0.9097909790979097,0.029411764705882353,0.5,0.6004828834986086,27.61005643919959,random+head,38,46,2
0.3719856336582863,0.3802419847639223,0.3515801354401806,0.8432432432432433,0.2546972860125261,0.4927007299270073,0.32233223322332233,0.18627450980392157,0.3,0.6488194296482247,15.039507439712674,random,39,46,2
0.8927655207798871,0.9384201735446287,0.981941309255079,0.9945945945945946,0.9874739039665971,0.9343065693430657,0.9097909790979097,0.0,0.5,0.5314853870549981,24.77013853258081,random+head,39,46,2
0.9004617752693689,0.9436265124047745,0.9791196388261851,1.0,1.0,0.9525547445255474,0.9097909790979097,0.029411764705882353,0.3,0.6225088504313129,29.27090815802976,random,40,46,2
0.896870189840944,0.9407992830081069,0.9864559819413092,0.9945945945945946,0.9874739039665971,0.9452554744525548,0.9097909790979097,0.049019607843137254,0.5,0.6447393623132046,33.322729604925605,random+head,40,46,2
0.9343252950230888,0.9631400985863853,0.9768623024830699,1.0,1.0,0.9525547445255474,0.977997799779978,0.06862745098039216,0.85,0.647991282234341,21.814776808619804,random,41,46,2
0.8973832734735762,0.9402208009125351,0.9870203160270881,0.9945945945945946,0.9853862212943633,0.9452554744525548,0.9174917491749175,0.0,0.3,0.5941439495464318,16.650076962544894,random+head,41,46,2
0.396613648024628,0.4294129628875219,0.4317155756207675,1.0,0.9937369519832986,0.33211678832116787,0.0231023102310231,0.0,0.05,0.5770051400019193,17.68291431503335,random,42,46,2
0.5582349923037455,0.6012465881777814,0.6139954853273137,0.9405405405405406,0.8663883089770354,0.8759124087591241,0.28492849284928495,0.0,0.3,0.6260593531932558,27.924063622370447,random+head,42,46,2
0.5669574140584915,0.5894243695767304,0.5677200902934537,0.918918918918919,0.9498956158663883,0.8540145985401459,0.253025302530253,0.1568627450980392,0.3,0.5129713901495461,11.219599794766546,random,43,46,2
0.9086711133914828,0.9483195502505398,0.9994356659142212,0.9891891891891892,0.9874739039665971,0.948905109489051,0.9317931793179318,0.0784313725490196,0.55,0.8359960761307416,44.97742432016419,random+head,43,46,2
0.9143150333504361,0.9531103597180918,0.9791196388261851,1.0,0.9979123173277662,0.9890510948905109,0.9251925192519251,0.06862745098039216,0.85,0.6236071117415916,26.343252950230887,random,44,46,2
0.9020010261672653,0.9429747015928627,0.9920993227990971,0.9945945945945946,0.9853862212943633,0.9452554744525548,0.9207920792079208,0.058823529411764705,0.3,0.722801896574043,34.4089276552078,random+head,44,46,2
0.9107234479220113,0.9514482421477166,0.9712189616252822,0.9891891891891892,0.9979123173277662,0.9525547445255474,0.9383938393839384,0.0,0.25,0.571229166832932,17.747049769112365,random,45,46,2
0.8973832734735762,0.9416873752393368,0.9870203160270881,0.9945945945945946,0.9874739039665971,0.9416058394160584,0.9130913091309131,0.0392156862745098,0.55,0.6389486816107348,31.418163160595178,random+head,45,46,2
0.46023601847101075,0.4837250987900762,0.45936794582392776,1.0,0.9770354906054279,0.6459854014598541,0.0737073707370737,0.0,0.25,0.4466705609740755,12.010774756285274,random,46,46,2
0.5315546434068753,0.5664235955513912,0.5846501128668171,0.9135135135135135,0.9373695198329853,0.8394160583941606,0.2068206820682068,0.0,0.3,0.6073786870921299,25.657773217034375,random+head,46,46,2
0.46126218573627503,0.4864382612946592,0.4554176072234763,1.0,0.9791231732776617,0.6167883211678832,0.0737073707370737,0.08823529411764706,0.25,0.4693800829970066,11.096459722934839,random,47,46,2
0.8943047716777834,0.9394712184788365,0.9836343115124153,0.9891891891891892,0.9874739039665971,0.9379562043795621,0.9097909790979097,0.029411764705882353,0.5,0.6004828834986086,27.61005643919959,random+head,47,46,2
0.8978963571062083,0.9436020694993278,0.9740406320541761,0.9945945945945946,0.9979123173277662,0.9598540145985401,0.9075907590759076,0.0,0.55,0.5063915144337933,20.507439712673165,random,48,46,2
0.3909697280656747,0.4215586426039842,0.43002257336343114,0.9945945945945946,0.9478079331941545,0.3613138686131387,0.027502750275027504,0.0,0.3,0.5811279465082686,19.386865059004617,random+head,48,46,2
0.46126218573627503,0.4864382612946592,0.4554176072234763,1.0,0.9791231732776617,0.6167883211678832,0.0737073707370737,0.08823529411764706,0.25,0.4693800829970066,11.096459722934839,random,49,46,2
0.8927655207798871,0.9383631400985863,0.981941309255079,0.9945945945945946,0.9853862212943633,0.9379562043795621,0.9097909790979097,0.0,0.5,0.5833389936184938,26.66341713699333,random+head,49,46,2
0.9035402770651616,0.9470403715321628,0.9712189616252822,0.9891891891891892,1.0,0.9562043795620438,0.9207920792079208,0.0,0.3,0.5324723867207193,17.71421241662391,random,50,46,2
0.888147768086198,0.9342974701592862,0.9768623024830699,0.9567567567567568,0.9874739039665971,0.927007299270073,0.9097909790979097,0.0,0.5,0.5476861614799807,23.875833760903028,random+head,50,46,2
0.9076449461262186,0.9500061107263617,0.9757336343115124,1.0,0.9979123173277662,0.9890510948905109,0.9185918591859186,0.0,0.25,0.5427173754623497,15.994869163673679,random,51,46,2
0.9045664443304259,0.9454352874078299,0.994920993227991,0.9945945945945946,0.9853862212943633,0.9452554744525548,0.9262926292629263,0.058823529411764705,0.55,0.735967715537992,35.43971267316573,random+head,51,46,2
0.482811698306824,0.5030920275390068,0.47404063205417607,0.9513513513513514,0.9519832985386222,0.7335766423357665,0.09900990099009901,0.17647058823529413,0.3,0.530469505443936,9.815802975885068,random,52,46,2
0.896870189840944,0.9416058988878478,0.9864559819413092,0.9945945945945946,0.9874739039665971,0.9379562043795621,0.9130913091309131,0.0392156862745098,0.5,0.6403229141925008,32.35351462288353,random+head,52,46,2
0.32529502308876346,0.3493787428198965,0.3527088036117382,0.8432432432432433,0.2546972860125261,0.4562043795620438,0.25412541254125415,0.0,0.05,0.7041449668911083,15.152898922524372,random,53,46,2
0.896357106208312,0.9406363303051289,0.9858916478555305,0.9945945945945946,0.9874739039665971,0.9343065693430657,0.9141914191419142,0.029411764705882353,0.55,0.6295751977955536,29.52591072344792,random+head,53,46,2
0.40277065161621345,0.4321913064732961,0.4187358916478555,1.0,0.9603340292275574,0.3978102189781022,0.034103410341034104,0.0,0.3,0.4549175503636578,13.011800923550538,random,54,46,2
0.9045664443304259,0.9454352874078299,0.994920993227991,0.9945945945945946,0.9853862212943633,0.9452554744525548,0.9262926292629263,0.058823529411764705,0.55,0.735967715537992,35.43971267316573,random+head,54,46,2
0.23242688558234992,0.21639304191958283,0.17776523702031602,0.8216216216216217,0.22129436325678498,0.19343065693430658,0.09570957095709572,0.5392156862745098,0.3,5.774675462566327,9.73832734735762,random,55,46,2
0.3694202154951257,0.39800382938851997,0.40632054176072235,0.9675675675675676,0.9269311064718163,0.26277372262773724,0.027502750275027504,0.0,0.3,0.5884806205063928,19.0846587993843,random+head,55,46,2
0.6064648537711647,0.652022650425714,0.6534988713318285,0.8594594594594595,0.9018789144050104,0.9525547445255474,0.36303630363036304,0.0,0.3,0.5653279558036559,23.26577732170344,random,56,46,2
0.896357106208312,0.9405792968590867,0.9858916478555305,0.9945945945945946,0.9874739039665971,0.9343065693430657,0.9130913091309131,0.0392156862745098,0.55,0.6354127743791553,30.466393022062597,random+head,56,46,2
0.5618265777321704,0.5847476270012629,0.5660270880361173,0.8810810810810811,0.9498956158663883,0.8686131386861314,0.253025302530253,0.08823529411764706,0.25,0.5189289797407999,13.320164186762442,random,57,46,2
0.9020010261672653,0.9422821526052063,0.9920993227990971,0.9945945945945946,0.9874739039665971,0.9197080291970803,0.9262926292629263,0.06862745098039216,0.3,0.7803048040685785,37.52283222165213,random+head,57,46,2
0.2642380708055413,0.28194076669246754,0.2793453724604966,0.8432432432432433,0.24425887265135698,0.4927007299270073,0.11771177117711772,0.0,0.05,0.6426821508436089,14.223191380194972,random,58,46,2
0.3263211903540277,0.35021794924023303,0.35891647855530473,0.8378378378378378,0.24217118997912318,0.4744525547445255,0.2585258525852585,0.0,0.3,0.7087448581003711,15.948691636736788,random+head,58,46,2
0.4751154438173422,0.4845968957510083,0.44808126410835214,0.9783783783783784,0.9749478079331941,0.5291970802919708,0.0924092409240924,0.4803921568627451,0.3,0.6525256757418352,9.61262185736275,random,59,46,2
0.9040533606977937,0.9439931559864749,0.9943566591422122,0.9891891891891892,0.9874739039665971,0.927007299270073,0.9284928492849285,0.0784313725490196,0.35,0.8228389853011883,41.76603386351975,random+head,59,46,2
0.9415084658799384,0.9692182344074632,0.9785553047404063,1.0,1.0,0.9635036496350365,0.977997799779978,0.17647058823529413,0.9,0.6981186071390718,19.50384812724474,random,60,46,2
0.9014879425346332,0.9418340326720169,0.9915349887133182,0.9945945945945946,0.9853862212943633,0.9197080291970803,0.9262926292629263,0.06862745098039216,0.3,0.7805126259591376,36.54027706516162,random+head,60,46,2
0.31298101590559263,0.3300199617061148,0.3216704288939052,0.7891891891891892,0.5490605427974948,0.3613138686131387,0.11221122112211221,0.0,0.3,0.5256948450466494,13.578758337609031,random,61,46,2
0.9045664443304259,0.9454352874078299,0.994920993227991,0.9945945945945946,0.9853862212943633,0.9452554744525548,0.9262926292629263,0.058823529411764705,0.55,0.735967715537992,35.43971267316573,random+head,61,46,2
0.30579784504874297,0.3230211431132114,0.3244920993227991,0.7891891891891892,0.5469728601252609,0.33941605839416056,0.10451045104510451,0.0,0.05,0.6110938473877399,14.581836839404822,random,62,46,2
0.42996408414571574,0.4657432680164582,0.4729119638826185,0.9945945945945946,0.9665970772442589,0.6058394160583942,0.027502750275027504,0.0,0.3,0.5803766431243087,20.774243201641866,random+head,62,46,2
0.9127757824525398,0.9533059029616654,0.9757336343115124,1.0,1.0,0.948905109489051,0.9328932893289329,0.06862745098039216,0.9,0.529477486425395,18.633145202668036,random,63,46,2
0.8932786044125193,0.9374587525970587,0.9825056433408578,0.9945945945945946,0.9874739039665971,0.916058394160584,0.9163916391639164,0.0,0.3,0.5458895185643992,17.991277578245253,random+head,63,46,2
0.4089276552077989,0.44035523689249195,0.4260722347629797,1.0,0.9937369519832986,0.3905109489051095,0.0319031903190319,0.0,0.3,0.45579089055411914,13.69266290405336,random,64,46,2
0.9035402770651616,0.9436591029453701,0.9937923250564334,0.9945945945945946,0.9874739039665971,0.9233576642335767,0.9273927392739274,0.0784313725490196,0.3,0.8206533810976532,40.74140584915341,random+head,64,46,2
0.9189327860441252,0.9569967816841162,0.9762979683972912,1.0,0.9979123173277662,0.9525547445255474,0.9460946094609461,0.06862745098039216,0.85,0.5724808493073107,18.720369420215494,random,65,46,2
0.8896870189840944,0.9367499083391045,0.9785553047404063,0.9945945945945946,0.9874739039665971,0.9124087591240876,0.9097909790979097,0.0,0.55,0.5270584930541649,19.570548999486917,random+head,65,46,2
0.4628014366341714,0.4870004481199332,0.45598194130925507,1.0,0.9791231732776617,0.6204379562043796,0.0737073707370737,0.10784313725490197,0.3,0.4714028670037211,10.206772703950744,random,66,46,2
0.8943047716777834,0.9394712184788365,0.9836343115124153,0.9891891891891892,0.9874739039665971,0.9379562043795621,0.9097909790979097,0.029411764705882353,0.5,0.6004828834986086,27.61005643919959,random+head,66,46,2
0.4607491021036429,0.46249236159204793,0.42776523702031605,1.0,0.9728601252609603,0.3759124087591241,0.09570957095709572,0.5588235294117647,0.3,5.5796949545569845,18.346331452026682,random,67,46,2
0.8927655207798871,0.9383631400985863,0.981941309255079,0.9945945945945946,0.9853862212943633,0.9379562043795621,0.9097909790979097,0.0,0.5,0.5833389936184938,26.66341713699333,random+head,67,46,2
0.896357106208312,0.9406444779402778,0.9853273137697517,0.9945945945945946,0.9874739039665971,0.9343065693430657,0.9141914191419142,0.029411764705882353,0.55,0.6295751977955536,29.485377116469984,random,68,46,2
0.896870189840944,0.9416058988878478,0.9864559819413092,0.9945945945945946,0.9874739039665971,0.9379562043795621,0.9130913091309131,0.0392156862745098,0.5,0.6403229141925008,32.35351462288353,random+head,68,46,2
0.530528476141611,0.5659510327127552,0.5801354401805869,0.918918918918919,0.9394572025052192,0.8321167883211679,0.20462046204620463,0.0,0.3,0.6089155042067942,24.388404309902516,random,69,46,2
0.40533606977937403,0.4380413085102049,0.445823927765237,0.9945945945945946,0.9832985386221295,0.40145985401459855,0.027502750275027504,0.0,0.3,0.5771504068789798,19.872242175474604,random+head,69,46,2
0.4335556695741406,0.4534729294822178,0.42099322799097066,1.0,0.9937369519832986,0.3686131386861314,0.0737073707370737,0.1568627450980392,0.3,0.4835616540057346,10.397639815289892,random,70,46,2
0.9086711133914828,0.9483195502505398,0.9994356659142212,0.9891891891891892,0.9874739039665971,0.948905109489051,0.9317931793179318,0.0784313725490196,0.55,0.8359960761307416,44.97742432016419,random+head,70,46,2
0.9107234479220113,0.9523363343789465,0.9751693002257337,0.9945945945945946,1.0,0.9525547445255474,0.9284928492849285,0.06862745098039216,0.85,0.5263739474664244,20.45510518214469,random,71,46,2
0.9035402770651616,0.9436591029453701,0.9937923250564334,0.9945945945945946,0.9874739039665971,0.9233576642335767,0.9273927392739274,0.0784313725490196,0.3,0.8202058883077636,39.73832734735762,random+head,71,46,2
0.43304258594150846,0.46818755856112765,0.46557562076749437,0.972972972972973,0.9791231732776617,0.6386861313868614,0.022002200220022004,0.0,0.3,0.5470275979847989,17.373524884556183,random,72,46,2
0.3022062596203181,0.3201042897299059,0.332392776523702,0.7837837837837838,0.5365344467640919,0.3175182481751825,0.11001100110011001,0.0,0.3,0.6516861434452802,16.786044125192408,random+head,72,46,2
0.44073884043099026,0.4579215382735161,0.42776523702031605,0.9891891891891892,0.9937369519832986,0.3686131386861314,0.0891089108910891,0.17647058823529413,0.3,0.5260110040906778,10.301180092355054,random,73,46,2
0.896870189840944,0.9416058988878478,0.9864559819413092,0.9945945945945946,0.9874739039665971,0.9379562043795621,0.9130913091309131,0.0392156862745098,0.5,0.6403229141925008,32.35351462288353,random+head,73,46,2
0.896357106208312,0.9410844502383183,0.9808126410835214,1.0,1.0,0.9197080291970803,0.9097909790979097,0.0392156862745098,0.25,0.6300407006756481,32.15956900974859,random,74,46,2
0.39815289892252437,0.4304721554568786,0.43792325056433407,0.9945945945945946,0.9812108559498957,0.354014598540146,0.027502750275027504,0.0,0.3,0.5779689509483183,19.85223191380195,random+head,74,46,2
0.9004617752693689,0.9436265124047745,0.9791196388261851,1.0,1.0,0.9525547445255474,0.9097909790979097,0.029411764705882353,0.3,0.6198910856193434,28.31246793227296,random,75,46,2
0.8943047716777834,0.9394712184788365,0.9836343115124153,0.9891891891891892,0.9874739039665971,0.9379562043795621,0.9097909790979097,0.029411764705882353,0.5,0.6004828834986086,27.61005643919959,random+head,75,46,2
0.9117496151872755,0.9515297184992056,0.9751693002257337,0.9621621621621622,1.0,0.9708029197080292,0.9317931793179318,0.06862745098039216,0.85,0.5522125182232099,23.255002565418163,random,76,46,2
0.8927655207798871,0.9384201735446287,0.981941309255079,0.9945945945945946,0.9874739039665971,0.9343065693430657,0.9097909790979097,0.0,0.5,0.5314853870549981,24.77013853258081,random+head,76,46,2
0.9317598768599281,0.9625290259502179,0.9723476297968398,0.9945945945945946,1.0,0.9635036496350365,0.966996699669967,0.09803921568627451,0.3,0.6420256069286816,17.41611082606465,random,77,46,2
0.2606464853771165,0.2797979386483073,0.2866817155756208,0.8378378378378378,0.23173277661795408,0.4744525547445255,0.12321232123212321,0.0,0.3,0.684756276743588,15.462801436634171,random+head,77,46,2
0.23807080554130322,0.22303336456593473,0.18397291196388263,0.8432432432432433,0.24008350730688935,0.18613138686131386,0.09570957095709572,0.5392156862745098,0.3,5.821984178596925,10.04566444330426,random,78,46,2
0.8896870189840944,0.9367499083391045,0.9785553047404063,0.9945945945945946,0.9874739039665971,0.9124087591240876,0.9097909790979097,0.0,0.55,0.5263362793633626,20.412519240636225,random+head,78,46,2
0.38122113904566446,0.4086364932578319,0.39503386004514673,0.972972972972973,0.9394572025052192,0.29927007299270075,0.034103410341034104,0.0,0.3,0.462270224361782,13.110312981015905,random,79,46,2
0.8891739353514623,0.9366684319876156,0.9779909706546276,0.9945945945945946,0.9874739039665971,0.9087591240875912,0.9097909790979097,0.0,0.5,0.5282140659264207,23,random+head,79,46,2
0.9256028732683428,0.9571597343870941,0.9712189616252822,0.9891891891891892,0.9979123173277662,0.9525547445255474,0.9702970297029703,0.0,0.25,0.622930554481118,17.945100051308362,random,80,46,2
0.9020010261672653,0.9429747015928627,0.9920993227990971,0.9945945945945946,0.9853862212943633,0.9452554744525548,0.9207920792079208,0.058823529411764705,0.3,0.722801896574043,34.4089276552078,random+head,80,46,2
0.9204720369420215,0.9576160019554324,0.9847629796839729,1.0,1.0,0.9817518248175182,0.933993399339934,0.11764705882352941,0.95,0.6954262371846438,29.44125192406362,random,81,46,2
0.8896870189840944,0.9367499083391045,0.9785553047404063,0.9945945945945946,0.9874739039665971,0.9124087591240876,0.9097909790979097,0.0,0.55,0.5268437556003516,22.134427911749615,random+head,81,46,2
0.3801949717804002,0.4079195013647289,0.3955981941309255,0.972972972972973,0.9394572025052192,0.30656934306569344,0.0297029702970297,0.0,0.3,0.46355990350493753,13.966649563878912,random,82,46,2
0.896870189840944,0.9416058988878478,0.9864559819413092,0.9945945945945946,0.9874739039665971,0.9379562043795621,0.9130913091309131,0.0392156862745098,0.5,0.6403229141925008,32.35351462288353,random+head,82,46,2
0.9209851205746536,0.9576974783069214,0.9853273137697517,1.0,1.0,0.9854014598540146,0.933993399339934,0.11764705882352941,1.0,0.6940031857091539,29.47203694202155,random,83,46,2
0.4099538224730631,0.4439809345337516,0.45090293453724606,0.972972972972973,0.964509394572025,0.48175182481751827,0.027502750275027504,0.0,0.3,0.5797568733357985,20.06054386865059,random+head,83,46,2
0.5669574140584915,0.5894243695767304,0.5677200902934537,0.918918918918919,0.9498956158663883,0.8540145985401459,0.253025302530253,0.1568627450980392,0.3,0.5129713901495461,11.219599794766546,random,84,46,2
0.8973832734735762,0.9416873752393368,0.9870203160270881,0.9945945945945946,0.9874739039665971,0.9416058394160584,0.9130913091309131,0.0392156862745098,0.55,0.6389486816107348,31.418163160595178,random+head,84,46,2
0.2606464853771165,0.2798060862834562,0.286117381489842,0.8378378378378378,0.23173277661795408,0.4744525547445255,0.12321232123212321,0.0,0.3,0.684756276743588,15.3242688558235,random,85,46,2
0.9035402770651616,0.9436591029453701,0.9937923250564334,0.9945945945945946,0.9874739039665971,0.9233576642335767,0.9273927392739274,0.0784313725490196,0.3,0.8202058883077636,39.73832734735762,random+head,85,46,2
0.5669574140584915,0.6082698496761315,0.6100451467268623,0.9459459459459459,0.8768267223382046,0.9233576642335767,0.28272827282728275,0.0,0.3,0.5477254599968107,21.256028732683426,random,86,46,2
0.8891739353514623,0.9365788080009777,0.9779909706546276,0.9891891891891892,0.9874739039665971,0.9124087591240876,0.9097909790979097,0.0,0.55,0.5294439003129954,21.27090815802976,random+head,86,46,2
0.237044638276039,0.2198883773984601,0.18284424379232506,0.8162162162162162,0.1837160751565762,0.2956204379562044,0.09570957095709572,0.5392156862745098,0.3,6.206060505382337,11.371472550025654,random,87,46,2
0.9020010261672653,0.9429747015928627,0.9920993227990971,0.9945945945945946,0.9853862212943633,0.9452554744525548,0.9207920792079208,0.058823529411764705,0.3,0.722801896574043,34.4089276552078,random+head,87,46,2
0.2909184197024115,0.2977797694219253,0.27313769751693,0.8432432432432433,0.24217118997912318,0.5145985401459854,0.1694169416941694,0.0,0.25,0.5462700880703856,13.455618265777321,random,88,46,2
0.8896870189840944,0.9367499083391045,0.9785553047404063,0.9945945945945946,0.9874739039665971,0.9124087591240876,0.9097909790979097,0.0,0.55,0.5268437556003516,22.134427911749615,random+head,88,46,2
0.41303232426885583,0.446425225078421,0.4435665914221219,0.9513513513513514,0.9770354906054279,0.5145985401459854,0.022002200220022004,0.0,0.3,0.5464078281962887,16.8450487429451,random,89,46,2
0.8932786044125193,0.9374587525970587,0.9825056433408578,0.9945945945945946,0.9874739039665971,0.916058394160584,0.9163916391639164,0.0,0.3,0.5458895185643992,17.991277578245253,random+head,89,46,2
0.3263211903540277,0.35021794924023303,0.35891647855530473,0.8378378378378378,0.24217118997912318,0.4744525547445255,0.2585258525852585,0.0,0.3,0.7087448581003711,15.948691636736788,random,90,46,2
0.4099538224730631,0.4439809345337516,0.45090293453724606,0.972972972972973,0.964509394572025,0.48175182481751827,0.027502750275027504,0.0,0.3,0.5797568733357985,20.06054386865059,random+head,90,46,2
0.4135454079014879,0.44612376257791175,0.4435665914221219,0.9783783783783784,0.9770354906054279,0.5,0.022002200220022004,0.0,0.05,0.5382180381344073,16.386351975371987,random,91,46,2
0.3022062596203181,0.3201042897299059,0.332392776523702,0.7837837837837838,0.5365344467640919,0.3175182481751825,0.11001100110011001,0.0,0.3,0.6516861434452802,16.786044125192408,random+head,91,46,2
0.9143150333504361,0.9531103597180918,0.9791196388261851,1.0,0.9979123173277662,0.9890510948905109,0.9251925192519251,0.06862745098039216,0.85,0.6236071117415916,26.343252950230887,random,92,46,2
0.9014879425346332,0.9418340326720169,0.9915349887133182,0.9945945945945946,0.9853862212943633,0.9197080291970803,0.9262926292629263,0.06862745098039216,0.3,0.7805126259591376,36.54027706516162,random+head,92,46,2
0.9020010261672653,0.9457693404489347,0.9802483069977427,1.0,0.9979123173277662,0.9635036496350365,0.9097909790979097,0.0392156862745098,0.3,0.6333641640889326,31.209338122113905,random,93,46,2
0.8891739353514623,0.9366684319876156,0.9779909706546276,0.9945945945945946,0.9874739039665971,0.9087591240875912,0.9097909790979097,0.0,0.5,0.5282140659264207,23,random+head,93,46,2
0.31400718317085685,0.33036216238236854,0.32844243792325056,0.7891891891891892,0.5469728601252609,0.36496350364963503,0.11441144114411442,0.0,0.3,0.5715946711331125,14.122113904566444,random,94,46,2
0.39815289892252437,0.4304721554568786,0.43792325056433407,0.9945945945945946,0.9812108559498957,0.354014598540146,0.027502750275027504,0.0,0.3,0.5779689509483183,19.85223191380195,random+head,94,46,2
0.9071318624935865,0.9505682975516356,0.9808126410835214,1.0,0.9979123173277662,0.9854014598540146,0.9141914191419142,0.0392156862745098,0.25,0.632553407269451,32.24422780913289,random,95,46,2
0.9020010261672653,0.9429747015928627,0.9920993227990971,0.9945945945945946,0.9853862212943633,0.9452554744525548,0.9207920792079208,0.058823529411764705,0.3,0.722801896574043,34.4089276552078,random+head,95,46,2
0.9348383786557208,0.9637756141279994,0.9723476297968398,0.9567567567567568,1.0,0.9525547445255474,0.977997799779978,0.1568627450980392,0.85,0.7002543244672895,21.022575679835814,random,96,46,2
0.905079527963058,0.9448893958528537,0.9954853273137697,0.9945945945945946,0.9791231732776617,0.9416058394160584,0.9295929592959296,0.0784313725490196,0.55,0.8271750402786697,43.84915341200616,random+head,96,46,2
0.27398665982555154,0.29129425184340246,0.27313769751693,0.8378378378378378,0.24425887265135698,0.5145985401459854,0.1331133113311331,0.0,0.25,0.5462390455188053,13.40225756798358,random,97,46,2
0.888147768086198,0.9342974701592862,0.9768623024830699,0.9567567567567568,0.9874739039665971,0.927007299270073,0.9097909790979097,0.0,0.5,0.5476861614799807,23.875833760903028,random+head,97,46,2
0.8927655207798871,0.9395852853709211,0.9700902934537246,1.0,0.9979123173277662,0.9306569343065694,0.9042904290429042,0.0,0.25,0.511849335187541,22.33401744484351,random,98,46,2
0.5315546434068753,0.5664235955513912,0.5846501128668171,0.9135135135135135,0.9373695198329853,0.8394160583941606,0.2068206820682068,0.0,0.3,0.6073786870921299,25.657773217034375,random+head,98,46,2
0.9384299640841457,0.9655680938607569,0.9813769751693002,1.0,0.9979123173277662,0.9854014598540146,0.977997799779978,0.06862745098039216,0.85,0.6796160911354376,24.75987685992817,random,99,46,2
0.2606464853771165,0.2797979386483073,0.2866817155756208,0.8378378378378378,0.23173277661795408,0.4744525547445255,0.12321232123212321,0.0,0.3,0.684756276743588,15.462801436634171,random+head,99,46,2
0.3807080554130323,0.4082046685949403,0.39503386004514673,0.972972972972973,0.9394572025052192,0.29927007299270075,0.033003300330033,0.0,0.3,0.46298898464140514,13.392508978963571,random,100,46,2
0.896357106208312,0.9406363303051289,0.9858916478555305,0.9945945945945946,0.9874739039665971,0.9343065693430657,0.9141914191419142,0.029411764705882353,0.55,0.6295751977955536,29.52591072344792,random+head,100,46,2
0.2642380708055413,0.28194076669246754,0.2793453724604966,0.8432432432432433,0.24425887265135698,0.4927007299270073,0.11771177117711772,0.0,0.05,0.6426821508436089,14.223191380194972,random,101,46,2
0.9020010261672653,0.9429747015928627,0.9920993227990971,0.9945945945945946,0.9853862212943633,0.9452554744525548,0.9207920792079208,0.058823529411764705,0.3,0.722801896574043,34.4089276552078,random+head,101,46,2
0.3683940482298615,0.3975312665498839,0.4018058690744921,0.972972972972973,0.9290187891440501,0.25547445255474455,0.025302530253025302,0.0,0.3,0.5900174376210571,18.274499743458183,random,102,46,2
0.9035402770651616,0.9436591029453701,0.9937923250564334,0.9945945945945946,0.9874739039665971,0.9233576642335767,0.9273927392739274,0.0784313725490196,0.3,0.8202058883077636,39.73832734735762,random+head,102,46,2
0.896357106208312,0.9406363303051289,0.9858916478555305,0.9945945945945946,0.9874739039665971,0.9343065693430657,0.9141914191419142,0.029411764705882353,0.55,0.6295751977955536,29.52591072344792,random,103,46,2
0.9086711133914828,0.9483195502505398,0.9994356659142212,0.9891891891891892,0.9874739039665971,0.948905109489051,0.9317931793179318,0.0784313725490196,0.55,0.8359960761307416,44.97742432016419,random+head,103,46,2
0.2426885582349923,0.22595836558438914,0.18905191873589164,0.7891891891891892,0.12317327766179541,0.45255474452554745,0.09790979097909791,0.5392156862745098,0.3,4.2642442551315645,10.38737814263725,random,104,46,2
0.8973832734735762,0.9402208009125351,0.9870203160270881,0.9945945945945946,0.9853862212943633,0.9452554744525548,0.9174917491749175,0.0,0.3,0.5941439495464318,16.650076962544894,random+head,104,46,2
0.8927655207798871,0.9388112600317757,0.9706546275395034,1.0,1.0,0.927007299270073,0.9042904290429042,0.0,0.25,0.5103675053451024,22.37095946639302,random,105,46,2
0.9020010261672653,0.9422821526052063,0.9920993227990971,0.9945945945945946,0.9874739039665971,0.9197080291970803,0.9262926292629263,0.06862745098039216,0.3,0.7803048040685785,37.52283222165213,random+head,105,46,2
0.896357106208312,0.9405792968590867,0.9858916478555305,0.9945945945945946,0.9874739039665971,0.9343065693430657,0.9130913091309131,0.0392156862745098,0.55,0.6354127743791553,30.466393022062597,random,106,46,2
0.5582349923037455,0.6012465881777814,0.6139954853273137,0.9405405405405406,0.8663883089770354,0.8759124087591241,0.28492849284928495,0.0,0.3,0.6260593531932558,27.924063622370447,random+head,106,46,2
0.896357106208312,0.9393327086813053,0.9808126410835214,1.0,0.9979123173277662,0.9306569343065694,0.911991199119912,0.0,0.05,0.5473944300085061,16.603899435608003,random,107,46,2
0.9020010261672653,0.9422821526052063,0.9920993227990971,0.9945945945945946,0.9874739039665971,0.9197080291970803,0.9262926292629263,0.06862745098039216,0.3,0.7803048040685785,37.52283222165213,random+head,107,46,2
0.3909697280656747,0.4215586426039842,0.43002257336343114,0.9945945945945946,0.9478079331941545,0.3613138686131387,0.027502750275027504,0.0,0.3,0.5811279465082686,19.386865059004617,random,108,46,2
0.4099538224730631,0.4439809345337516,0.45090293453724606,0.972972972972973,0.964509394572025,0.48175182481751827,0.027502750275027504,0.0,0.3,0.5797568733357985,20.06054386865059,random+head,108,46,2
0.9415084658799384,0.9681020083920642,0.9785553047404063,0.9891891891891892,0.9979123173277662,0.9598540145985401,0.9823982398239824,0.17647058823529413,0.3,0.7179771460872788,15.830169317598768,random,109,46,2
0.896357106208312,0.9406363303051289,0.9858916478555305,0.9945945945945946,0.9874739039665971,0.9343065693430657,0.9141914191419142,0.029411764705882353,0.55,0.6295751977955536,29.52591072344792,random+head,109,46,2
0.8958440225756799,0.9408644640892981,0.9746049661399548,0.972972972972973,1.0,0.9671532846715328,0.9042904290429042,0.0,0.5,0.5276395860343877,24.29091841970241,random,110,46,2
0.8973832734735762,0.9401719151016418,0.9870203160270881,0.9945945945945946,0.9853862212943633,0.948905109489051,0.9163916391639164,0.0,0.3,0.5573458785301239,17.28578758337609,random+head,110,46,2
0.3581323755772191,0.3710107141402208,0.34142212189616256,0.8378378378378378,0.2546972860125261,0.48905109489051096,0.3047304730473047,0.09803921568627451,0.3,0.5961498747687496,14.528989225243715,random,111,46,2
0.8973832734735762,0.9416873752393368,0.9870203160270881,0.9945945945945946,0.9874739039665971,0.9416058394160584,0.9130913091309131,0.0392156862745098,0.55,0.6389486816107348,31.418163160595178,random+head,111,46,2
0.8953309389430477,0.9400659958447061,0.9808126410835214,1.0,0.9916492693110647,0.927007299270073,0.9097909790979097,0.0392156862745098,0.55,0.6283643734748039,30.333504361210878,random,112,46,2
0.9020010261672653,0.9422821526052063,0.9920993227990971,0.9945945945945946,0.9874739039665971,0.9197080291970803,0.9262926292629263,0.06862745098039216,0.3,0.7803048040685785,37.52283222165213,random+head,112,46,2
0.5566957414058491,0.6003666435817004,0.608352144469526,0.9405405405405406,0.8789144050104384,0.8540145985401459,0.2816281628162816,0.0,0.1,0.6276686257891534,25.2396100564392,random,113,46,2
0.892252437147255,0.936717317798509,0.9813769751693002,0.9837837837837838,0.9874739039665971,0.9124087591240876,0.9174917491749175,0.0,0.3,0.546453405051884,18.795279630579785,random+head,113,46,2
0.900974858902001,0.9430887684849473,0.9791196388261851,1.0,0.9958246346555324,0.9708029197080292,0.9108910891089109,0.0,0.05,0.5379242959424458,16.27860441251924,random,114,46,2
0.40533606977937403,0.4380413085102049,0.445823927765237,0.9945945945945946,0.9832985386221295,0.40145985401459855,0.027502750275027504,0.0,0.3,0.5771504068789798,19.872242175474604,random+head,114,46,2
0.29604925602873267,0.3027987126736465,0.2697516930022573,0.8432432432432433,0.24425887265135698,0.48905109489051096,0.1694169416941694,0.1568627450980392,0.3,0.5846053651803538,13.70702924576706,random,115,46,2
0.39815289892252437,0.4304721554568786,0.43792325056433407,0.9945945945945946,0.9812108559498957,0.354014598540146,0.027502750275027504,0.0,0.3,0.5779689509483183,19.85223191380195,random+head,115,46,2
0.9081580297588507,0.9480343830203284,0.9881489841986456,0.972972972972973,0.9979123173277662,0.9817518248175182,0.9207920792079208,0.058823529411764705,0.3,0.7297341851008946,34.28783991790662,random,116,46,2
0.8896870189840944,0.9367499083391045,0.9785553047404063,0.9945945945945946,0.9874739039665971,0.9124087591240876,0.9097909790979097,0.0,0.55,0.5263362793633626,20.412519240636225,random+head,116,46,2
0.35659312467932275,0.35597017965535505,0.3295711060948081,0.7891891891891892,0.5469728601252609,0.3686131386861314,0.17381738173817382,0.27450980392156865,0.3,0.61360467375117,12.739353514622884,random,117,46,2
0.37249871729091844,0.3853994378131747,0.40970654627539504,0.9837837837837838,0.9436325678496869,0.24452554744525548,0.027502750275027504,0.0,0.3,0.5866077763435688,19.262698819907644,random+head,117,46,2
0.9035402770651616,0.9436591029453701,0.9937923250564334,0.9945945945945946,0.9874739039665971,0.9233576642335767,0.9273927392739274,0.0784313725490196,0.3,0.8206533810976532,40.74140584915341,random,118,46,2
0.3022062596203181,0.3201042897299059,0.332392776523702,0.7837837837837838,0.5365344467640919,0.3175182481751825,0.11001100110011001,0.0,0.3,0.6516861434452802,16.786044125192408,random+head,118,46,2
0.33760903027193434,0.343105063755245,0.3154627539503386,0.7891891891891892,0.5490605427974948,0.33211678832116787,0.1562156215621562,0.1568627450980392,0.3,0.5525950528900536,12.409953822473064,random,119,46,2
0.9020010261672653,0.9429747015928627,0.9920993227990971,0.9945945945945946,0.9853862212943633,0.9452554744525548,0.9207920792079208,0.058823529411764705,0.3,0.722801896574043,34.4089276552078,random+head,119,46,2
0.9076449461262186,0.9500061107263617,0.9757336343115124,1.0,0.9979123173277662,0.9890510948905109,0.9185918591859186,0.0,0.25,0.5427173754623497,15.994869163673679,random,120,46,2
0.2606464853771165,0.2797979386483073,0.2866817155756208,0.8378378378378378,0.23173277661795408,0.4744525547445255,0.12321232123212321,0.0,0.3,0.684756276743588,15.462801436634171,random+head,120,46,2
0.23499230374551053,0.22148531388764411,0.18058690744920994,0.8216216216216217,0.23173277661795408,0.19343065693430658,0.09570957095709572,0.5392156862745098,0.3,5.776704592981046,9.533606977937405,random,121,46,2
0.9020010261672653,0.9422821526052063,0.9920993227990971,0.9945945945945946,0.9874739039665971,0.9197080291970803,0.9262926292629263,0.06862745098039216,0.3,0.7803048040685785,37.52283222165213,random+head,121,46,2
0.33658286300667006,0.36005214486495296,0.3476297968397291,0.8432432432432433,0.2546972860125261,0.5145985401459854,0.2607260726072607,0.0,0.25,0.5849933889212313,14.379681888147768,random,122,46,2
0.9020010261672653,0.9427465678086935,0.9920993227990971,0.9675675675675676,0.9874739039665971,0.9379562043795621,0.9262926292629263,0.06862745098039216,0.55,0.787438643525434,38.5895330938943,random+head,122,46,2
0.482811698306824,0.5030920275390068,0.47404063205417607,0.9513513513513514,0.9519832985386222,0.7335766423357665,0.09900990099009901,0.17647058823529413,0.3,0.530469505443936,9.815802975885068,random,123,46,2
0.4099538224730631,0.4439809345337516,0.45090293453724606,0.972972972972973,0.964509394572025,0.48175182481751827,0.027502750275027504,0.0,0.3,0.5797568733357985,20.06054386865059,random+head,123,46,2
0.900974858902001,0.9437405792968591,0.9774266365688488,0.9891891891891892,0.9979123173277662,0.9598540145985401,0.9152915291529153,0.0,0.3,0.5174357662443416,17.849153412006157,random,124,46,2
0.5977424320164186,0.6449993889273639,0.65744920993228,0.8540540540540541,0.8914405010438413,0.9051094890510949,0.36523652365236525,0.0,0.3,0.6436618490001011,30.483837865572088,random+head,124,46,2
0.9538224730631093,0.976665172933556,0.9864559819413092,1.0,0.9979123173277662,0.9963503649635036,0.9845984598459846,0.27450980392156865,0.3,0.7507857309235386,16.311441765007697,random,125,46,2
0.9020010261672653,0.9427465678086935,0.9920993227990971,0.9675675675675676,0.9874739039665971,0.9379562043795621,0.9262926292629263,0.06862745098039216,0.55,0.787438643525434,38.5895330938943,random+head,125,46,2
0.443817342226783,0.47855949810567483,0.4762979683972912,0.9621621621621622,0.9498956158663883,0.7408759124087592,0.0319031903190319,0.0,0.05,0.5423704469426239,17.0287326834274,random,126,46,2
0.9014879425346332,0.9418340326720169,0.9915349887133182,0.9945945945945946,0.9853862212943633,0.9197080291970803,0.9262926292629263,0.06862745098039216,0.3,0.7805126259591376,36.54027706516162,random+head,126,46,2
0.530528476141611,0.5655843891310547,0.5784424379232506,0.918918918918919,0.9498956158663883,0.8211678832116789,0.20242024202420242,0.0,0.05,0.6025860942633309,22.028219599794767,random,127,46,2
0.9020010261672653,0.9422821526052063,0.9920993227990971,0.9945945945945946,0.9874739039665971,0.9197080291970803,0.9262926292629263,0.06862745098039216,0.3,0.7803048040685785,37.52283222165213,random+head,127,46,2
0.9297075423293997,0.959571434391168,0.9757336343115124,1.0,0.9958246346555324,0.9890510948905109,0.966996699669967,0.0,0.25,0.6058409404364316,16.07542329399692,random,128,46,2
0.896870189840944,0.9416058988878478,0.9864559819413092,0.9945945945945946,0.9874739039665971,0.9379562043795621,0.9130913091309131,0.0392156862745098,0.5,0.6403229141925008,32.35351462288353,random+head,128,46,2
0.9030271934325295,0.9453945492320854,0.981941309255079,1.0,1.0,0.9635036496350365,0.9097909790979097,0.049019607843137254,0.25,0.6380965045028881,33.15597742432016,random,129,46,2
0.892252437147255,0.936717317798509,0.9813769751693002,0.9837837837837838,0.9874739039665971,0.9124087591240876,0.9174917491749175,0.0,0.3,0.546453405051884,18.795279630579785,random+head,129,46,2
0.9163673678809646,0.9550657921538274,0.9813769751693002,0.9945945945945946,1.0,0.9890510948905109,0.9262926292629263,0.09803921568627451,0.85,0.6488523659802793,27.357619291944587,random,130,46,2
0.892252437147255,0.936717317798509,0.9813769751693002,0.9837837837837838,0.9874739039665971,0.9124087591240876,0.9174917491749175,0.0,0.3,0.546453405051884,18.795279630579785,random+head,130,46,2
0.9348383786557208,0.9637756141279994,0.9723476297968398,0.9567567567567568,1.0,0.9525547445255474,0.977997799779978,0.1568627450980392,0.85,0.7002543244672895,21.022575679835814,random,131,46,2
0.896870189840944,0.9416058988878478,0.9864559819413092,0.9945945945945946,0.9874739039665971,0.9379562043795621,0.9130913091309131,0.0392156862745098,0.5,0.6403229141925008,32.35351462288353,random+head,131,46,2
0.38481272447408926,0.4102741679227604,0.3927765237020316,0.972972972972973,0.9373695198329853,0.3029197080291971,0.041804180418041806,0.0,0.25,0.4490772159305703,12.572088250384812,random,132,46,2
0.8927655207798871,0.9383631400985863,0.981941309255079,0.9945945945945946,0.9853862212943633,0.9379562043795621,0.9097909790979097,0.0,0.5,0.5833389936184938,26.66341713699333,random+head,132,46,2
0.9112365315546435,0.9525074347170733,0.9757336343115124,1.0,1.0,0.9525547445255474,0.9284928492849285,0.06862745098039216,0.85,0.5246444168656857,22.260133401744483,random,133,46,2
0.896357106208312,0.9405792968590867,0.9858916478555305,0.9945945945945946,0.9874739039665971,0.9343065693430657,0.9130913091309131,0.0392156862745098,0.55,0.6354127743791553,30.466393022062597,random+head,133,46,2
0.9184197024114931,0.9564101519533955,0.9836343115124153,1.0,1.0,0.9817518248175182,0.9306930693069307,0.10784313725490197,0.85,0.6912209352128336,30.374037968188816,random,134,46,2
0.2606464853771165,0.2797979386483073,0.2866817155756208,0.8378378378378378,0.23173277661795408,0.4744525547445255,0.12321232123212321,0.0,0.3,0.684756276743588,15.462801436634171,random+head,134,46,2
0.8871216008209338,0.9337841691449057,0.9717832957110609,0.9621621621621622,0.9916492693110647,0.9197080291970803,0.9064906490649065,0.0,0.5,0.5406475083455247,23.628014366341713,random,135,46,2
0.9035402770651616,0.9436591029453701,0.9937923250564334,0.9945945945945946,0.9874739039665971,0.9233576642335767,0.9273927392739274,0.0784313725490196,0.3,0.8206533810976532,40.74140584915341,random+head,135,46,2
0.8984094407388404,0.9432354259176274,0.9762979683972912,0.9945945945945946,0.9979123173277662,0.9598540145985401,0.9053905390539054,0.029411764705882353,0.25,0.5948983659768062,27.27552591072345,random,136,46,2
0.896870189840944,0.9407992830081069,0.9864559819413092,0.9945945945945946,0.9874739039665971,0.9452554744525548,0.9097909790979097,0.049019607843137254,0.5,0.6447393623132046,33.322729604925605,random+head,136,46,2
0.30374551051821447,0.28647899947040373,0.25564334085778784,0.7891891891891892,0.5281837160751566,0.18248175182481752,0.09570957095709572,0.5490196078431373,0.3,5.568574044947855,11.967675731144176,random,137,46,2
0.8927655207798871,0.9383631400985863,0.981941309255079,0.9945945945945946,0.9853862212943633,0.9379562043795621,0.9097909790979097,0.0,0.5,0.5833389936184938,26.66341713699333,random+head,137,46,2
0.2909184197024115,0.2978368028679676,0.27313769751693,0.8432432432432433,0.24425887265135698,0.5109489051094891,0.1694169416941694,0.0,0.25,0.5437902905193444,13.451513596716264,random,138,46,2
0.896357106208312,0.9406363303051289,0.9858916478555305,0.9945945945945946,0.9874739039665971,0.9343065693430657,0.9141914191419142,0.029411764705882353,0.55,0.6269574329835842,28.587480759363775,random+head,138,46,2
0.5977424320164186,0.6450075365625128,0.6568848758465011,0.8540540540540541,0.8914405010438413,0.9051094890510949,0.36523652365236525,0.0,0.3,0.6436618490001011,29.79220112878399,random,139,46,2
0.9035402770651616,0.9436591029453701,0.9937923250564334,0.9945945945945946,0.9874739039665971,0.9233576642335767,0.9273927392739274,0.0784313725490196,0.3,0.8202058883077636,39.73832734735762,random+head,139,46,2
0.43509492047203696,0.43410600073328715,0.39954853273137697,0.9459459459459459,0.8747390396659708,0.40145985401459855,0.09570957095709572,0.5588235294117647,0.3,4.222046514405416,17.930733709594662,random,140,46,2
0.892252437147255,0.936717317798509,0.9813769751693002,0.9837837837837838,0.9874739039665971,0.9124087591240876,0.9174917491749175,0.0,0.3,0.546453405051884,18.795279630579785,random+head,140,46,2
0.5679835813237558,0.609989000692549,0.6021444695259593,0.9459459459459459,0.8789144050104384,0.9233576642335767,0.2838283828382838,0.0,0.25,0.49783072421502783,19.93227296049256,random,141,46,2
0.9020010261672653,0.9422821526052063,0.9920993227990971,0.9945945945945946,0.9874739039665971,0.9197080291970803,0.9262926292629263,0.06862745098039216,0.3,0.7803048040685785,37.52283222165213,random+head,141,46,2
0.9020010261672653,0.9422903002403552,0.9915349887133182,0.9945945945945946,0.9874739039665971,0.9197080291970803,0.9262926292629263,0.06862745098039216,0.3,0.7803048040685785,37.50436121087737,random,142,46,2
0.905079527963058,0.9448893958528537,0.9954853273137697,0.9945945945945946,0.9791231732776617,0.9416058394160584,0.9295929592959296,0.0784313725490196,0.55,0.8271750402786697,43.84915341200616,random+head,142,46,2
0.2996408414571575,0.28131339878600237,0.25112866817155755,0.7081081081081081,0.4989561586638831,0.2591240875912409,0.09570957095709572,0.5490196078431373,0.3,4.529112847180635,12.054899948691636,random,143,46,2
0.5582349923037455,0.6012465881777814,0.6139954853273137,0.9405405405405406,0.8663883089770354,0.8759124087591241,0.28492849284928495,0.0,0.3,0.6260593531932558,27.924063622370447,random+head,143,46,2
0.543355566957414,0.5770562594207032,0.5733634311512416,0.918918918918919,0.9498956158663883,0.8759124087591241,0.21342134213421343,0.0,0.3,0.4811682909475191,15.753206772703951,random,144,46,2
0.896357106208312,0.9406363303051289,0.9858916478555305,0.9945945945945946,0.9874739039665971,0.9343065693430657,0.9141914191419142,0.029411764705882353,0.55,0.6295751977955536,29.52591072344792,random+head,144,46,2
0.9163673678809646,0.9550657921538274,0.9813769751693002,0.9945945945945946,1.0,0.9890510948905109,0.9262926292629263,0.09803921568627451,0.85,0.6488523659802793,27.357619291944587,random,145,46,2
0.5977424320164186,0.6449993889273639,0.65744920993228,0.8540540540540541,0.8914405010438413,0.9051094890510949,0.36523652365236525,0.0,0.3,0.6436618490001011,30.483837865572088,random+head,145,46,2
0.3899435608004105,0.4207194361836477,0.4238148984198646,1.0,0.9603340292275574,0.34306569343065696,0.0231023102310231,0.0,0.05,0.5763353536794695,16.976398152898923,random,146,46,2
0.8896870189840944,0.9367499083391045,0.9785553047404063,0.9945945945945946,0.9874739039665971,0.9124087591240876,0.9097909790979097,0.0,0.55,0.5268437556003516,22.134427911749615,random+head,146,46,2
0.9030271934325295,0.9438464985537948,0.9892776523702032,0.9675675675675676,1.0,0.9233576642335767,0.9262926292629263,0.06862745098039216,0.35,0.7843329248482732,38.550538737814264,random,147,46,2
0.3694202154951257,0.39800382938851997,0.40632054176072235,0.9675675675675676,0.9269311064718163,0.26277372262773724,0.027502750275027504,0.0,0.3,0.5884806205063928,19.0846587993843,random+head,147,46,2
0.8927655207798871,0.9383712877337352,0.9813769751693002,0.9945945945945946,0.9853862212943633,0.9379562043795621,0.9097909790979097,0.0,0.5,0.5339651846060394,25.592611595690098,random,148,46,2
0.9035402770651616,0.9436591029453701,0.9937923250564334,0.9945945945945946,0.9874739039665971,0.9233576642335767,0.9273927392739274,0.0784313725490196,0.3,0.8206533810976532,40.74140584915341,random+head,148,46,2
0.46793227296049256,0.47006151464537416,0.435665914221219,1.0,0.9749478079331941,0.4233576642335766,0.09570957095709572,0.5588235294117647,0.3,5.580887582542474,18.9712673165726,random,149,46,2
0.8932786044125193,0.9374587525970587,0.9825056433408578,0.9945945945945946,0.9874739039665971,0.916058394160584,0.9163916391639164,0.0,0.3,0.5458895185643992,17.991277578245253,random+head,149,46,2
0.9332991277578245,0.9625371735853668,0.9757336343115124,0.9945945945945946,0.9979123173277662,0.9525547445255474,0.977997799779978,0.06862745098039216,0.85,0.6484546282859223,20.82760389943561,random,150,46,2
0.2606464853771165,0.2797979386483073,0.2866817155756208,0.8378378378378378,0.23173277661795408,0.4744525547445255,0.12321232123212321,0.0,0.3,0.684756276743588,15.462801436634171,random+head,150,46,2
0.8927655207798871,0.9383631400985863,0.981941309255079,0.9945945945945946,0.9853862212943633,0.9379562043795621,0.9097909790979097,0.0,0.5,0.5833389936184938,26.66341713699333,random,151,46,2
0.9035402770651616,0.9436591029453701,0.9937923250564334,0.9945945945945946,0.9874739039665971,0.9233576642335767,0.9273927392739274,0.0784313725490196,0.3,0.8206533810976532,40.74140584915341,random+head,151,46,2
0.8912262698819907,0.9373039475292296,0.9757336343115124,1.0,0.9979123173277662,0.916058394160584,0.9053905390539054,0.0,0.25,0.5237260788444908,25.308876346844535,random,152,46,2
0.3694202154951257,0.39800382938851997,0.40632054176072235,0.9675675675675676,0.9269311064718163,0.26277372262773724,0.027502750275027504,0.0,0.3,0.5884806205063928,19.0846587993843,random+head,152,46,2
0.44073884043099026,0.4756589399926671,0.4621896162528217,1.0,0.9791231732776617,0.6496350364963503,0.0297029702970297,0.0,0.3,0.45545592612285346,14.25192406362237,random,153,46,2
0.5315546434068753,0.5664235955513912,0.5846501128668171,0.9135135135135135,0.9373695198329853,0.8394160583941606,0.2068206820682068,0.0,0.3,0.6073786870921299,25.657773217034375,random+head,153,46,2
0.35659312467932275,0.36825681345989325,0.345372460496614,0.8432432432432433,0.2546972860125261,0.5109489051094891,0.3047304730473047,0.0,0.25,0.5667779298130093,14.30733709594664,random,154,46,2
0.8973832734735762,0.9416873752393368,0.9870203160270881,0.9945945945945946,0.9874739039665971,0.9416058394160584,0.9130913091309131,0.0392156862745098,0.55,0.6389486816107348,31.418163160595178,random+head,154,46,2
0.9014879425346332,0.9449138387583004,0.9802483069977427,1.0,1.0,0.9562043795620438,0.9097909790979097,0.0392156862745098,0.25,0.6332565668282599,32.15854284248333,random,155,46,2
0.9020010261672653,0.9429747015928627,0.9920993227990971,0.9945945945945946,0.9853862212943633,0.9452554744525548,0.9207920792079208,0.058823529411764705,0.3,0.722801896574043,34.4089276552078,random+head,155,46,2
0.9148281169830682,0.9542021428280442,0.9796839729119639,1.0,0.9979123173277662,0.9817518248175182,0.9284928492849285,0.06862745098039216,0.85,0.6276539435803652,26.397639815289892,random,156,46,2
0.8973832734735762,0.9401719151016418,0.9870203160270881,0.9945945945945946,0.9853862212943633,0.948905109489051,0.9163916391639164,0.0,0.3,0.5573458785301239,17.28578758337609,random+head,156,46,2
0.896870189840944,0.9411659265898074,0.9813769751693002,1.0,1.0,0.9233576642335767,0.9097909790979097,0.0392156862745098,0.3,0.6286664680938822,31.216521292970754,random,157,46,2
0.8973832734735762,0.9402208009125351,0.9870203160270881,0.9945945945945946,0.9853862212943633,0.9452554744525548,0.9174917491749175,0.0,0.3,0.5941439495464318,16.650076962544894,random+head,157,46,2
0.896357106208312,0.9397482380738991,0.9825056433408578,1.0,0.9874739039665971,0.9379562043795621,0.9152915291529153,0.0,0.3,0.5905219109682773,16.350436121087736,random,158,46,2
0.40533606977937403,0.4380413085102049,0.445823927765237,0.9945945945945946,0.9832985386221295,0.40145985401459855,0.027502750275027504,0.0,0.3,0.5771504068789798,19.872242175474604,random+head,158,46,2
0.40277065161621345,0.4033812685867927,0.3961625282167043,0.9891891891891892,0.954070981210856,0.2846715328467153,0.0737073707370737,0.0,0.25,0.4529016941933356,12.718830169317599,random,159,46,2
0.905079527963058,0.9448893958528537,0.9954853273137697,0.9945945945945946,0.9791231732776617,0.9416058394160584,0.9295929592959296,0.0784313725490196,0.55,0.8271750402786697,43.84915341200616,random+head,159,46,2
0.40841457157516675,0.44030635108159855,0.42663656884875845,1.0,0.9937369519832986,0.39416058394160586,0.0297029702970297,0.0,0.25,0.4556627439157004,14.36069779374038,random,160,46,2
0.8896870189840944,0.9367499083391045,0.9785553047404063,0.9945945945945946,0.9874739039665971,0.9124087591240876,0.9097909790979097,0.0,0.55,0.5268437556003516,22.134427911749615,random+head,160,46,2
0.336069779374038,0.3589603617550006,0.34706546275395034,0.8432432432432433,0.2546972860125261,0.5218978102189781,0.25742574257425743,0.0,0.25,0.5790709669756212,14.434068753206773,random,161,46,2
0.9045664443304259,0.9454352874078299,0.994920993227991,0.9945945945945946,0.9853862212943633,0.9452554744525548,0.9262926292629263,0.058823529411764705,0.55,0.735967715537992,35.43971267316573,random+head,161,46,2
0.4402257567983581,0.4756507923575182,0.48363431151241537,0.9567567567567568,0.9394572025052192,0.718978102189781,0.0374037403740374,0.0,0.3,0.5824274523015766,21.0846587993843,random,162,46,2
0.9035402770651616,0.9436591029453701,0.9937923250564334,0.9945945945945946,0.9874739039665971,0.9233576642335767,0.9273927392739274,0.0784313725490196,0.3,0.8206533810976532,40.74140584915341,random+head,162,46,2
0.9030271934325295,0.9437405792968591,0.9881489841986456,1.0,0.9979123173277662,0.927007299270073,0.9207920792079208,0.058823529411764705,0.05,0.7184552881226981,34.27655207798871,random,163,46,2
0.896357106208312,0.9406363303051289,0.9858916478555305,0.9945945945945946,0.9874739039665971,0.9343065693430657,0.9141914191419142,0.029411764705882353,0.55,0.6295751977955536,29.52591072344792,random+head,163,46,2
0.4381734222678297,0.4592984886136799,0.4288939051918736,1.0,0.9958246346555324,0.41605839416058393,0.0737073707370737,0.10784313725490197,0.3,0.4681766307583922,10.376090302719343,random,164,46,2
0.8932786044125193,0.9374587525970587,0.9825056433408578,0.9945945945945946,0.9874739039665971,0.916058394160584,0.9163916391639164,0.0,0.3,0.5458895185643992,17.991277578245253,random+head,164,46,2
0.4833247819394561,0.4874078298773781,0.4525959367945824,0.9081081081081082,0.8559498956158664,0.7700729927007299,0.10561056105610561,0.5588235294117647,0.3,4.237789849327574,20.95382247306311,random,165,46,2
0.8943047716777834,0.9394712184788365,0.9836343115124153,0.9891891891891892,0.9874739039665971,0.9379562043795621,0.9097909790979097,0.029411764705882353,0.5,0.6004828834986086,27.61005643919959,random+head,165,46,2
0.30066700872242175,0.31904509716054913,0.3261851015801354,0.7891891891891892,0.5490605427974948,0.2956204379562044,0.10561056105610561,0.0,0.05,0.6508915008542858,15.533093894304772,random,166,46,2
0.9020010261672653,0.9427465678086935,0.9920993227990971,0.9675675675675676,0.9874739039665971,0.9379562043795621,0.9262926292629263,0.06862745098039216,0.55,0.787438643525434,38.5895330938943,random+head,166,46,2
0.4751154438173422,0.4845968957510083,0.44808126410835214,0.9783783783783784,0.9749478079331941,0.5291970802919708,0.0924092409240924,0.4803921568627451,0.3,0.6525256757418352,9.61262185736275,random,167,46,2
0.8896870189840944,0.9367499083391045,0.9785553047404063,0.9945945945945946,0.9874739039665971,0.9124087591240876,0.9097909790979097,0.0,0.55,0.5268437556003516,22.134427911749615,random+head,167,46,2
0.4079014879425346,0.4392145679716462,0.4260722347629797,1.0,0.9937369519832986,0.40145985401459855,0.026402640264026403,0.0,0.25,0.4497403219700904,14.711133914828117,random,168,46,2
0.888147768086198,0.9342974701592862,0.9768623024830699,0.9567567567567568,0.9874739039665971,0.927007299270073,0.9097909790979097,0.0,0.5,0.5476861614799807,23.875833760903028,random+head,168,46,2
0.9030271934325295,0.9462011651118263,0.9706546275395034,1.0,1.0,0.9635036496350365,0.9152915291529153,0.0,0.25,0.5257205645212212,16.87685992816829,random,169,46,2
0.9035402770651616,0.9436591029453701,0.9937923250564334,0.9945945945945946,0.9874739039665971,0.9233576642335767,0.9273927392739274,0.0784313725490196,0.3,0.8202058883077636,39.73832734735762,random+head,169,46,2
0.8927655207798871,0.9388112600317757,0.9706546275395034,1.0,1.0,0.927007299270073,0.9042904290429042,0.0,0.25,0.5103675053451024,22.37095946639302,random,170,46,2
0.8891739353514623,0.9365788080009777,0.9779909706546276,0.9891891891891892,0.9874739039665971,0.9124087591240876,0.9097909790979097,0.0,0.55,0.5294439003129954,21.27090815802976,random+head,170,46,2
0.9014879425346332,0.9454434350429788,0.9779909706546276,1.0,0.9979123173277662,0.9817518248175182,0.9075907590759076,0.0,0.5,0.5219579230256013,24.19548486403284,random,171,46,2
0.8927655207798871,0.9383631400985863,0.981941309255079,0.9945945945945946,0.9853862212943633,0.9379562043795621,0.9097909790979097,0.0,0.5,0.5833389936184938,26.66341713699333,random+head,171,46,2
0.2919445869676757,0.30049293192650833,0.26918735891647855,0.8432432432432433,0.24425887265135698,0.4854014598540146,0.1694169416941694,0.08823529411764706,0.25,0.5687869084737806,13.564391995895331,random,172,46,2
0.3263211903540277,0.35021794924023303,0.35891647855530473,0.8378378378378378,0.24217118997912318,0.4744525547445255,0.2585258525852585,0.0,0.3,0.7087448581003711,15.948691636736788,random+head,172,46,2
0.9112365315546435,0.9524178107304355,0.9757336343115124,0.9945945945945946,1.0,0.9562043795620438,0.9284928492849285,0.06862745098039216,0.9,0.5248044520448774,20.452026680348897,random,173,46,2
0.9045664443304259,0.9443597995681753,0.994920993227991,0.9945945945945946,0.9791231732776617,0.9416058394160584,0.9284928492849285,0.0784313725490196,0.55,0.8247620816725376,42.83581323755772,random+head,173,46,2
0.6095433555669574,0.6556320527966758,0.6461625282167043,0.8594594594594595,0.9039665970772442,0.9416058394160584,0.3718371837183718,0.0,0.3,0.5174514528554903,18.74858902001026,random,174,46,2
0.5582349923037455,0.6012465881777814,0.6139954853273137,0.9405405405405406,0.8663883089770354,0.8759124087591241,0.28492849284928495,0.0,0.3,0.6260593531932558,27.924063622370447,random+head,174,46,2
0.9091841970241149,0.9508045789709537,0.9757336343115124,1.0,0.9979123173277662,0.9854014598540146,0.922992299229923,0.0,0.3,0.547596484436875,15.896357106208312,random,175,46,2
0.4402257567983581,0.47564264472236933,0.48419864559819414,0.9567567567567568,0.9394572025052192,0.718978102189781,0.0374037403740374,0.0,0.3,0.5824274523015766,21.566957414058493,random+head,175,46,2
0.4833247819394561,0.4874078298773781,0.4525959367945824,0.9081081081081082,0.8559498956158664,0.7700729927007299,0.10561056105610561,0.5588235294117647,0.3,4.237789849327574,20.95382247306311,random,176,46,2
0.8973832734735762,0.9402208009125351,0.9870203160270881,0.9945945945945946,0.9853862212943633,0.9452554744525548,0.9174917491749175,0.0,0.3,0.5941439495464318,16.650076962544894,random+head,176,46,2
0.3370959466393022,0.36013362121644193,0.3481941309255079,0.8432432432432433,0.2546972860125261,0.5182481751824818,0.2607260726072607,0.0,0.3,0.5822825281426259,14.336069779374037,random,177,46,2
0.8927655207798871,0.9383631400985863,0.981941309255079,0.9945945945945946,0.9853862212943633,0.9379562043795621,0.9097909790979097,0.0,0.5,0.5833389936184938,26.66341713699333,random+head,177,46,2
0.4068753206772704,0.43749541695522876,0.4339729119638826,1.0,0.9916492693110647,0.40145985401459855,0.025302530253025302,0.0,0.3,0.4996350577518732,15.5351462288353,random,178,46,2
0.896357106208312,0.9406363303051289,0.9858916478555305,0.9945945945945946,0.9874739039665971,0.9343065693430657,0.9141914191419142,0.029411764705882353,0.55,0.6295751977955536,29.52591072344792,random+head,178,46,2
0.2375577219086711,0.22243858720006518,0.18340857787810383,0.8432432432432433,0.23799582463465555,0.18613138686131386,0.09570957095709572,0.5392156862745098,0.3,5.89844191325166,10.385838891739354,random,179,46,2
0.42996408414571574,0.4657432680164582,0.4729119638826185,0.9945945945945946,0.9665970772442589,0.6058394160583942,0.027502750275027504,0.0,0.3,0.5803766431243087,20.774243201641866,random+head,179,46,2
0.4176500769625449,0.41555383549924635,0.3809255079006772,0.9513513513513514,0.9164926931106472,0.20437956204379562,0.09570957095709572,0.5490196078431373,0.3,5.78816015045021,16.703437660338636,random,180,46,2
0.905079527963058,0.9448893958528537,0.9954853273137697,0.9945945945945946,0.9791231732776617,0.9416058394160584,0.9295929592959296,0.0784313725490196,0.55,0.8271750402786697,43.84915341200616,random+head,180,46,2
0.9020010261672653,0.9422903002403552,0.9915349887133182,0.9945945945945946,0.9874739039665971,0.9197080291970803,0.9262926292629263,0.06862745098039216,0.3,0.7803048040685785,37.50436121087737,random,181,46,2
0.40533606977937403,0.4380413085102049,0.445823927765237,0.9945945945945946,0.9832985386221295,0.40145985401459855,0.027502750275027504,0.0,0.3,0.5771504068789798,19.872242175474604,random+head,181,46,2
0.9122626988199076,0.9532244266101764,0.9751693002257337,1.0,1.0,0.9452554744525548,0.9328932893289329,0.06862745098039216,0.85,0.5333848470829958,22.27860441251924,random,182,46,2
0.8973832734735762,0.9402208009125351,0.9870203160270881,0.9945945945945946,0.9853862212943633,0.9452554744525548,0.9174917491749175,0.0,0.3,0.5941439495464318,16.650076962544894,random+head,182,46,2
0.47049769112365314,0.4732390923534444,0.4384875846501129,0.9783783783783784,0.9770354906054279,0.45255474452554745,0.09570957095709572,0.5588235294117647,0.3,5.796587664692322,19.62031811185223,random,183,46,2
0.5977424320164186,0.6449993889273639,0.65744920993228,0.8540540540540541,0.8914405010438413,0.9051094890510949,0.36523652365236525,0.0,0.3,0.6436618490001011,30.483837865572088,random+head,183,46,2
0.6403283735248846,0.6724487717440013,0.6472911963882618,0.8486486486486486,0.9039665970772442,0.9197080291970803,0.42684268426842686,0.17647058823529413,0.3,0.5917039021424605,12.6757311441765,random,184,46,2
0.8973832734735762,0.9401719151016418,0.9870203160270881,0.9945945945945946,0.9853862212943633,0.948905109489051,0.9163916391639164,0.0,0.3,0.5573458785301239,17.28578758337609,random+head,184,46,2
0.42432016418676244,0.4235629608506131,0.38826185101580135,0.972972972972973,0.9352818371607515,0.20437956204379562,0.09570957095709572,0.5490196078431373,0.3,5.914996323572146,17.858902001026166,random,185,46,2
0.3694202154951257,0.39800382938851997,0.40632054176072235,0.9675675675675676,0.9269311064718163,0.26277372262773724,0.027502750275027504,0.0,0.3,0.5884806205063928,19.0846587993843,random+head,185,46,2
0.8886608517188301,0.936236607324724,0.9734762979683973,1.0,0.9916492693110647,0.9051094890510949,0.9064906490649065,0.0,0.55,0.5199556142058113,21.863006670087223,random,186,46,2
0.8927655207798871,0.9383631400985863,0.981941309255079,0.9945945945945946,0.9853862212943633,0.9379562043795621,0.9097909790979097,0.0,0.5,0.5833389936184938,26.66341713699333,random+head,186,46,2
0.9112365315546435,0.9524748441764778,0.9746049661399548,1.0,1.0,0.9452554744525548,0.9306930693069307,0.06862745098039216,0.85,0.5296788992941793,22.26629040533607,random,187,46,2
0.9020010261672653,0.9422821526052063,0.9920993227990971,0.9945945945945946,0.9874739039665971,0.9197080291970803,0.9262926292629263,0.06862745098039216,0.3,0.7803048040685785,37.52283222165213,random+head,187,46,2
0.8973832734735762,0.9402208009125351,0.9870203160270881,0.9945945945945946,0.9853862212943633,0.9452554744525548,0.9174917491749175,0.0,0.3,0.5941439495464318,16.650076962544894,random,188,46,2
0.8932786044125193,0.9374587525970587,0.9825056433408578,0.9945945945945946,0.9874739039665971,0.916058394160584,0.9163916391639164,0.0,0.3,0.5458895185643992,17.991277578245253,random+head,188,46,2
0.9035402770651616,0.9470077809915672,0.9700902934537246,0.9891891891891892,1.0,0.948905109489051,0.922992299229923,0.0,0.3,0.5363609562385941,17.70241149307337,random,189,46,2
0.3694202154951257,0.39800382938851997,0.40632054176072235,0.9675675675675676,0.9269311064718163,0.26277372262773724,0.027502750275027504,0.0,0.3,0.5884806205063928,19.0846587993843,random+head,189,46,2
0.4191893278604413,0.4008310587851876,0.38261851015801357,0.9891891891891892,0.9352818371607515,0.15693430656934307,0.09570957095709572,0.5490196078431373,0.3,5.57447197616025,15.766546947152387,random,190,46,2
0.8896870189840944,0.9367499083391045,0.9785553047404063,0.9945945945945946,0.9874739039665971,0.9124087591240876,0.9097909790979097,0.0,0.55,0.5268437556003516,22.134427911749615,random+head,190,46,2
0.9081580297588507,0.9502749826862753,0.9853273137697517,1.0,0.9979123173277662,0.9927007299270073,0.9130913091309131,0.049019607843137254,0.5,0.6379934116483753,33.20882503848127,random,191,46,2
0.896870189840944,0.9416058988878478,0.9864559819413092,0.9945945945945946,0.9874739039665971,0.9379562043795621,0.9130913091309131,0.0392156862745098,0.5,0.6403229141925008,32.35351462288353,random+head,191,46,2
0.935351462288353,0.9639467144661262,0.9729119638826185,0.9621621621621622,1.0,0.9525547445255474,0.977997799779978,0.1568627450980392,0.85,0.6971467035176567,20.079527963057977,random,192,46,2
0.4099538224730631,0.4439809345337516,0.45090293453724606,0.972972972972973,0.964509394572025,0.48175182481751827,0.027502750275027504,0.0,0.3,0.5797568733357985,20.06054386865059,random+head,192,46,2
0.90559261159569,0.9485069458589644,0.9825056433408578,1.0,0.9979123173277662,0.9817518248175182,0.9130913091309131,0.029411764705882353,0.55,0.6262228488145539,29.295023088763468,random,193,46,2
0.3022062596203181,0.3201042897299059,0.332392776523702,0.7837837837837838,0.5365344467640919,0.3175182481751825,0.11001100110011001,0.0,0.3,0.6516861434452802,16.786044125192408,random+head,193,46,2
0.43304258594150846,0.46818755856112765,0.46557562076749437,0.972972972972973,0.9791231732776617,0.6386861313868614,0.022002200220022004,0.0,0.3,0.5470275979847989,17.373524884556183,random,194,46,2
0.9020010261672653,0.9422821526052063,0.9920993227990971,0.9945945945945946,0.9874739039665971,0.9197080291970803,0.9262926292629263,0.06862745098039216,0.3,0.7803048040685785,37.52283222165213,random+head,194,46,2
0.8958440225756799,0.9408074306432558,0.9746049661399548,0.972972972972973,0.9979123173277662,0.9708029197080292,0.9042904290429042,0.0,0.5,0.5301193835854289,25.19548486403284,random,195,46,2
0.5315546434068753,0.5664235955513912,0.5846501128668171,0.9135135135135135,0.9373695198329853,0.8394160583941606,0.2068206820682068,0.0,0.3,0.6073786870921299,25.657773217034375,random+head,195,46,2
0.8953309389430477,0.9407259542917669,0.9808126410835214,0.9945945945945946,1.0,0.916058394160584,0.9097909790979097,0.0392156862745098,0.3,0.6314606425653168,32.19958953309389,random,196,46,2
0.9040533606977937,0.9439931559864749,0.9943566591422122,0.9891891891891892,0.9874739039665971,0.927007299270073,0.9284928492849285,0.0784313725490196,0.35,0.8228389853011883,41.76603386351975,random+head,196,46,2
0.6095433555669574,0.6552572615798264,0.6534988713318285,0.8594594594594595,0.9018789144050104,0.9525547445255474,0.3696369636963696,0.0,0.3,0.5655777168076374,22.57106208311955,random,197,46,2
0.3909697280656747,0.4215586426039842,0.43002257336343114,0.9945945945945946,0.9478079331941545,0.3613138686131387,0.027502750275027504,0.0,0.3,0.5811279465082686,19.386865059004617,random+head,197,46,2
0.443817342226783,0.47855949810567483,0.4762979683972912,0.9621621621621622,0.9498956158663883,0.7408759124087592,0.0319031903190319,0.0,0.05,0.5423704469426239,17.0287326834274,random,198,46,2
0.896357106208312,0.9405792968590867,0.9858916478555305,0.9945945945945946,0.9874739039665971,0.9343065693430657,0.9130913091309131,0.0392156862745098,0.55,0.6354127743791553,30.466393022062597,random+head,198,46,2
0.9338122113904567,0.9627082739234937,0.9762979683972912,1.0,0.9979123173277662,0.9525547445255474,0.977997799779978,0.06862745098039216,0.85,0.6494405060173496,22.691123653155465,random,199,46,2
0.892252437147255,0.936717317798509,0.9813769751693002,0.9837837837837838,0.9874739039665971,0.9124087591240876,0.9174917491749175,0.0,0.3,0.546453405051884,18.795279630579785,random+head,199,46,2
